avg_play_size,avg_task_size,change_set_avg,change_set_max,code_churn,code_churn_avg,code_churn_max,commit,commits_count,committed_at,contributors,defective,filepath,highest_experience,lines_blank,lines_code,lines_comment,loc_added,loc_added_avg,loc_added_max,loc_removed,loc_removed_avg,loc_removed_max,median_hunks_count,minor_contributors,num_block_error_hanling,num_blocks,num_command_calls,num_conditions,num_decisions,num_deprecated_keywords,num_deprecated_modules,num_distinct_modules,num_external_modules,num_fact_modules,num_filters,num_ignore_errors,num_import_playbook,num_import_role,num_import_tasks,num_include,num_include_role,num_include_tasks,num_include_vars,num_keys,num_lookups,num_loops,num_math_operations,num_names_with_vars,num_plays,num_roles,num_sh_commands,num_suspicious_comments,num_tasks,num_tokens,num_unique_names,num_user_interaction,num_vars,path_when_added,repo,text_entropy,tokens
0.0,5.0,0.0,0.0,0.0,0.0,0.0,c8bf2e0ee463d3f0b4a2985c1cd2d2a974e1bde0,0.0,1553613064.0,0.0,no,tasks/restore_backup.yml,0.0,0.0,99.0,0.0,0.0,0.0,0.0,0.0,0.0,0.0,0.0,0.0,0.0,0.0,6.0,0.0,0.0,0.0,0.0,17.0,0.0,0.0,3.0,0.0,0.0,0.0,0.0,0.0,0.0,1.0,0.0,75.0,0.0,1.0,0.0,0.0,0.0,0.0,2.0,0.0,17.0,363.0,11.0,0.0,6.0,tasks/restore_backup.yml,oVirt/ovirt-ansible-hosted-engine-setup,6.7,name copi backup file engin restor copi src restor file dest rootengin backup owner root group root mode name run enginebackup shell enginebackup moderestor logvarlogovirtenginesetuprestorebackup date path filerootengin backup provisionalldatabas restorepermiss environ cmd lang regist engin restor chang debug varengin restor name remov backup file file state absent path rootengin backup includ task path name remov previou hostedengin command scl prefix psql engin select deletevm guid select guid vm origin environ cmd lang becom becom user postgr becom method sudo chang regist remov old enginevm name updat dynam data vm host use redeploy command scl prefix psql engin updat dynam set run vd null statu run vd select vd vd upper vd uniqu upper hostvar ansibl host name uniqu stdout line first environ cmd lang becom becom user postgr becom method sudo chang regist updat host vm debug vardb updat host vm name updat dynam data vm migrat host use redeploy command scl prefix psql engin updat dynam set migrat vd null statu migrat vd select vd vd upper vd uniqu upper hostvar ansibl host name uniqu stdout line first environ cmd lang becom becom user postgr becom method sudo chang regist updat host migrat vm debug vardb updat host migrat vm name remov host use redeploy command scl prefix psql engin select deletevd vd select vd vd upper vd uniqu upper hostvar ansibl host name uniqu stdout line first environ cmd lang becom becom user postgr becom method sudo chang regist remov host debug vardb remov host name renam previou storag domain avoid name conflict command scl prefix psql engin updat storag domain static set storag name storag domain name old ansibl date path basic short storag name storag domain name environ cmd lang becom becom user postgr becom method sudo chang regist renam debug vardb renam name save origin disabl fenc startup sec shell set euo pipefail engineconfig disabl fenc startup sec cut rootdis fenc startup path environ cmd lang chang name updat disabl fenc startup sec prevent host fenc recoveri command engineconfig disabl fenc startup sec environ cmd lang chang name add line enginesetup answerfil pki renew lineinfil path rootovirtengineansw line item item ovesetup pkirenewbool pki renew restor questionovesetup skip renew pki confirmstr ye
0.0,63.0,0.0,0.0,0.0,0.0,0.0,c8bf2e0ee463d3f0b4a2985c1cd2d2a974e1bde0,0.0,1553613064.0,0.0,no,tasks/bootstrap_local_vm/03_engine_initial_tasks.yml,0.0,0.0,65.0,1.0,0.0,0.0,0.0,0.0,0.0,0.0,0.0,0.0,1.0,1.0,0.0,1.0,1.0,0.0,0.0,0.0,1.0,0.0,0.0,0.0,0.0,0.0,2.0,0.0,0.0,2.0,0.0,56.0,0.0,2.0,0.0,0.0,0.0,0.0,0.0,0.0,1.0,254.0,14.0,0.0,1.0,tasks/bootstrap_local_vm/03_engine_initial_tasks.yml,oVirt/ovirt-ansible-hosted-engine-setup,6.66,name initi engin task block name wait local wait connect delay timeout name add entri host etchost local lineinfil dest etchost line hostvar ansibl host name host hostvar ansibl host name host address name set fqdn command hostnamectl sethostnam fqdn environ cmd lang chang name forc local fqdn temporari resolv nat network address lineinfil path etchost line hostvar ansibl host name local stdout line fqdn hostvar ansibl host name local dir name reconfigur ipv default gateway command rout add default via ipv subnet prefix environ cmd lang chang hostvar ansibl host name ipv deploy bool name restor sshd revers dn lookup lineinfil path etcsshsshd config regexp use dn line use dn ye name add line answerfil lineinfil path rootovirtengineansw line item log item ovesetup configadmin passwordstr admin password name includ enginesetup custom task file engin includ task item fileglob hooksenginevm engin path regist includ engin setup result debug varinclud engin setup result name restor backup block includ task restor path restor file defin restor file rescu name fetch log engin import task fetch engin path ignor error deleg ansibl host name name get local dir path set fact local dir hostvar ansibl host name local dir name clean bootstrap import task clean localvm path deleg ansibl host name name notifi user failur fail msg failur deploy engin local engin system may provis accord playbook result pleas check log issu fix accordingli redeploy scratch
0.0,376.0,0.0,0.0,0.0,0.0,0.0,c8bf2e0ee463d3f0b4a2985c1cd2d2a974e1bde0,0.0,1553613064.0,0.0,no,tasks/create_target_vm/03_hosted_engine_final_tasks.yml,0.0,1.0,374.0,10.0,0.0,0.0,0.0,0.0,0.0,0.0,0.0,0.0,0.0,1.0,0.0,11.0,6.0,3.0,0.0,0.0,1.0,0.0,28.0,0.0,0.0,0.0,1.0,0.0,0.0,4.0,0.0,341.0,0.0,6.0,0.0,2.0,0.0,0.0,0.0,0.0,1.0,1417.0,57.0,0.0,17.0,tasks/create_target_vm/03_hosted_engine_final_tasks.yml,oVirt/ovirt-ansible-hosted-engine-setup,7.75,name hostedengin final task block name choos ipv ipv auto import task ipv path name trigger host engin ovf updat enabl serial consol ovirt path descript host engin serial consol auth ovirt auth name wait ovf updat finish ovirt storag domain fact auth ovirt auth fetch nest nest attribut name imag pattern name storag domain name retri delay ovirt storag domain path selectattr name match ovf store list name pars ovf store disk list set fact ovf store disk ovirt storag domain path selectattr name match ovf store list debug varovf store disk name check ovf store volum statu command vdsmclient volum get info storagepool datacent storagedomain storag domain path path storag domain path imag path volum path environ cmd lang chang regist ovf store statu retri delay ovf store path ovf store path jsonjson queri statu ovf store path jsonjson queri descript jsonjson queri updat item ovf store disk debug varovf store statu name wait ovf store disk content shell vdsmclient imag prepar storagepool datacent storagedomain storag domain path path storag domain path imag path volum path grep path awk print xarg sudo vdsm tar tvf path path environ cmd lang chang regist ovf store content retri delay ovf store path item ovf store disk arg warn name prepar imag command vdsmclient imag prepar storagepool datacent storagedomain storag domain path path storag domain path imag path volum path environ cmd lang item virtio disk detail conf disk detail metadata disk detail sanlock disk detail regist prepareimag result chang debug varprepareimag result name fetch host engin configur disk path set fact conf disk path prepareimag path queri path conf disk path path firstfrom json path name fetch host engin virtio disk path set fact virtio disk path prepareimag path queri path virtio disk path path firstfrom json path name fetch host engin virtio metadata path set fact metadata disk path prepareimag path queri path metadata disk path path firstfrom json path debug varh conf disk path debug varh virtio disk path debug varh metadata disk path name shutdown local virt name name local state shutdown uri qemutl host address system name wait local shutdown command virsh domstat name local environ cmd lang chang regist dominfo dominfo path shut dominfo path retri delay debug vardominfo name undefin local virt name name local command undefin uri qemutl host address system name detect ovirthostedengineha version command python ovirt host engin path import constant agentconst print path version environ cmd lang regist version chang name set version set fact version version path linesfirst debug varha version name creat configur templat templat src path dest path item src path dest local dir path src path dest local dir path src path dest local dir version src path dest local dir path src path dest local dir path name creat configur archiv command tar records cvf conf disk path path path version path path environ cmd lang arg chdir local dir warn chang tag skip ansibl lint name creat ovirthostedengineha run directori file path varrunovirthostedengineha state directori name copi configur file right locat host copi remot src src path dest path item src local dir path dest varrunovirthostedengineha src local dir path dest etcovirthostedengin name copi configur archiv storag command count oflagdirect local dir conf disk path conf disk path environ cmd lang becom becom user vdsm becom method sudo chang arg warn name initi metadata volum command bsm count oflagdirect ifdevzero metadata disk path environ cmd lang becom becom user vdsm becom method sudo chang includ task get local disk path name gener dhcp network configur engin templat src path dest local dir ifcfgeth owner root group root mode addr none name gener static network configur engin ipv templat src path dest local dir ifcfgeth owner root group root mode addr none addr ipv name gener static network configur engin ipv templat src path dest local dir ifcfgeth owner root group root mode addr none addr ipv name inject network configur guestfish command guestfish local disk path copyin local dir ifcfgeth etcsysconfignetworkscript selinuxrelabel etcselinuxtargetedcontextsfilesfil context etcsysconfignetworkscriptsifcfgeth forc environ libguestf backend direct lang path messag path path chang name extract etchost host engin command virtcopyout local disk path etchost local dir environ libguestf backend direct lang path messag path path chang name clean etchost host engin engin fqdn lineinfil dest local dir host regexp state absent name clean etchost host engin host address lineinfil dest local dir host line host host address state absent etc host name inject etchost guestfish command guestfish local disk path copyin local dir host etc selinuxrelabel etcselinuxtargetedcontextsfilesfil context etchost forc environ libguestf backend direct lang path messag path path chang name copi local disk share storag command qemuimg convert raw local disk path virtio disk path environ cmd lang becom becom user vdsm becom method sudo chang name remov temporari entri etchost local lineinfil dest etchost regexp state absent name start ovirthabrok servic host servic name ovirthabrok state start enabl name initi lockspac volum command hostedengin reinitializelockspac forc environ cmd lang regist result path retri delay chang debug varresult name start ovirthaag servic host servic name ovirthaag state start enabl name wait engin come target block name check engin health command hostedengin vmstatu json environ cmd lang regist health result health path health health path health path jsonjson queri enginestatu health first good retri delay chang debug varhealth result rescu name check statu virt level shell virsh list grep name grep run environ cmd lang ignor error chang regist statu virsh debug varvm statu virsh name fail engin run fail msg engin run pleas check vdsm log statu path name get target engin address shell getent key fqdn cut uniq environ cmd lang regist engin chang name get vdsm target engin stat command vdsmclient get stat path environ cmd lang regist engin vdsm stat chang name convert stat json format set fact json stat engin vdsm path json name get target engin address vdsm stat set fact engin vdsm json stat path ip debug varengin vdsm name fail engin differ engin fqdn resolv fail msg engin address engin vdsm engin fqdn fqdn resolv engin path line use dhcp check dhcp reserv configur engin vdsm engin path line name fail reason engin start fail msg engin fail start insid engin pleas check path name get target engin address shell getent key fqdn cut uniq environ cmd lang regist engin engin defin chang name reconfigur ovn central address command vdsmtool ovnconfig engin path line mgmt network environ cmd lang chang name identifi bootstrap local block includ task auth path name check local bootstrap ovirt fact pattern extern local path linesfirst auth ovirt auth regist local rescu includ task auth path name check local bootstrap ovirt fact pattern extern local path linesfirst auth ovirt auth regist local name remov bootstrap local block name make engin awar extern stop ignor error ovirt state stop extern local path linesfirst auth ovirt auth regist vmstop result debug varvmstop result name wait local bootstrap engin eye ovirt fact pattern extern local path linesfirst auth ovirt auth regist local statu local path path vm path retri delay debug varloc statu name remov bootstrap extern engin ovirt state absent extern local path linesfirst auth ovirt auth regist vmremov result debug varvmremov result local path path vmslength name remov ovirtengineappli rpm yum name ovirtengineappli state absent remov applianc rpmbool name includ custom task setup custom includ task item fileglob hooksaft path regist setup result debug varaft setup result
0.0,5.0,0.0,0.0,0.0,0.0,0.0,c8bf2e0ee463d3f0b4a2985c1cd2d2a974e1bde0,0.0,1553613064.0,0.0,no,tasks/libvirt_default_net_ipv6_tasks.yml,0.0,0.0,68.0,0.0,0.0,0.0,0.0,0.0,0.0,0.0,0.0,0.0,0.0,0.0,0.0,0.0,0.0,0.0,0.0,15.0,0.0,0.0,0.0,1.0,0.0,0.0,0.0,0.0,0.0,0.0,0.0,68.0,0.0,0.0,0.0,0.0,0.0,0.0,0.0,0.0,15.0,207.0,11.0,0.0,8.0,tasks/libvirt_default_net_ipv6_tasks.yml,oVirt/ovirt-ansible-hosted-engine-setup,5.58,name pars libvirt default network configur virt net command get xml name default regist default net xml debug vardefault net path name remov ipv configur xml xmlstring default net path xml xpath networkip state absent regist editednet noipv name configur isol network xml xmlstring editednet path xpath networkforward state absent regist editednet isol name edit libvirt default network configur set ipv address xml xmlstring editednet path xpath networkip familyipv attribut address valu ipv subnet prefix regist editednet name edit libvirt default network configur set ipv prefix xml xmlstring path xpath networkip familyipv attribut prefix valu regist editednet debug vareditednet name edit libvirt default network configur enabl dhcpv xml xmlstring path xpath networkip familyipv dhcprang attribut start valu ipv subnet prefix regist editednet debug vareditednet name edit libvirt default network configur set dhcpv rang xml xmlstring path xpath networkip familyipv dhcprang attribut end valu ipv subnet prefix regist editednet debug vareditednet name updat libvirt default network configur destroy virt net command destroy name default name updat libvirt default network configur undefin virt net command undefin name default ignor error name updat libvirt default network configur defin virt net command defin name default xml path name activ default libvirt network virt net name default state activ regist virt net
0.0,11.0,0.0,0.0,0.0,0.0,0.0,c8bf2e0ee463d3f0b4a2985c1cd2d2a974e1bde0,0.0,1553613064.0,0.0,no,tasks/ipv_switch.yml,0.0,0.0,10.0,0.0,0.0,0.0,0.0,0.0,0.0,0.0,0.0,0.0,0.0,1.0,0.0,2.0,2.0,0.0,0.0,0.0,1.0,0.0,0.0,0.0,0.0,0.0,0.0,0.0,0.0,0.0,0.0,10.0,0.0,0.0,0.0,0.0,0.0,0.0,0.0,0.0,1.0,57.0,3.0,0.0,0.0,tasks/ipv_switch.yml,oVirt/ovirt-ansible-hosted-engine-setup,5.06,name choos ipv ipv auto block name fail forc forc set time fail msg forc forc use time forc forc name prepar getent key set fact key ahostsv forc els ahostsv forc els ahost key defin
0.0,13.0,0.0,0.0,0.0,0.0,0.0,c8bf2e0ee463d3f0b4a2985c1cd2d2a974e1bde0,0.0,1553613064.0,0.0,no,tasks/pre_checks/validate_firewalld.yml,0.0,0.0,13.0,0.0,0.0,0.0,0.0,0.0,0.0,0.0,0.0,0.0,0.0,1.0,0.0,2.0,1.0,0.0,0.0,0.0,1.0,0.0,0.0,0.0,0.0,0.0,0.0,0.0,0.0,0.0,0.0,10.0,0.0,0.0,0.0,0.0,0.0,0.0,0.0,0.0,1.0,48.0,2.0,0.0,1.0,tasks/pre_checks/validate_firewalld.yml,oVirt/ovirt-ansible-hosted-engine-setup,4.95,name check firewalld statu block name check firewalld statu systemd name firewalld regist firewalld name enforc firewalld statu fail msg firewalld requir enabl activ order correctli deploy hostedengin pleas check fix accordingli redeploy firewalld path state run firewalld path state mask
0.0,6.0,0.0,0.0,0.0,0.0,0.0,c8bf2e0ee463d3f0b4a2985c1cd2d2a974e1bde0,0.0,1553613064.0,0.0,no,tasks/final_clean.yml,0.0,0.0,7.0,0.0,0.0,0.0,0.0,0.0,0.0,0.0,0.0,0.0,0.0,1.0,0.0,0.0,0.0,0.0,0.0,0.0,1.0,0.0,0.0,0.0,0.0,0.0,0.0,0.0,0.0,2.0,0.0,6.0,0.0,0.0,0.0,0.0,0.0,0.0,0.0,0.0,1.0,18.0,2.0,0.0,0.0,tasks/final_clean.yml,oVirt/ovirt-ansible-hosted-engine-setup,3.95,name clean temporari resourc block name fetch log engin includ task fetch engin path ignor error includ task clean localvm path path
0.0,64.0,0.0,0.0,0.0,0.0,0.0,c8bf2e0ee463d3f0b4a2985c1cd2d2a974e1bde0,0.0,1553613064.0,0.0,no,tasks/pre_checks/define_variables.yml,0.0,5.0,63.0,0.0,0.0,0.0,0.0,0.0,0.0,0.0,0.0,0.0,0.0,1.0,0.0,2.0,1.0,0.0,0.0,0.0,1.0,0.0,0.0,0.0,0.0,0.0,0.0,0.0,0.0,0.0,0.0,63.0,0.0,0.0,0.0,0.0,0.0,0.0,0.0,0.0,1.0,160.0,14.0,0.0,11.0,tasks/pre_checks/define_variables.yml,oVirt/ovirt-ansible-hosted-engine-setup,5.23,name defin variabl block name defin cloud init domain name block name get domain name command hostnam chang regist host domain name name set cloud init domain name set fact cloud init domain name host domain path line host domain path line els regist cloud init domain name cloud init domain name defin debug varh cloud init domain name name defin cloud init host name set fact cloud init host name fqdn regist cloud init host name debug varh cloud init host name name defin uuid block name get uuid command uuidgen chang regist uuid name set uuid set fact uuid path regist uuid debug varh uuid name defin nic uuid block name get uuid command uuidgen chang regist uuid name set nic uuid set fact nic uuid path regist nic uuid debug varh nic uuid name defin cdrom uuid block name get uuid command uuidgen chang regist uuid name set cdrom uuid set fact cdrom uuid path regist cdrom uuid debug varh cdrom uuid name defin timezon block name get timezon shell timedatectl grep time zone awk print chang regist timezon name set time zone set fact time zone path regist time zone debug varh time zone
0.0,4.0,0.0,0.0,0.0,0.0,0.0,c8bf2e0ee463d3f0b4a2985c1cd2d2a974e1bde0,0.0,1553613064.0,0.0,no,tasks/clean_localvm_dir.yml,0.0,0.0,11.0,1.0,0.0,0.0,0.0,0.0,0.0,0.0,0.0,0.0,0.0,0.0,0.0,0.0,0.0,0.0,0.0,3.0,0.0,0.0,0.0,0.0,0.0,0.0,0.0,0.0,0.0,0.0,0.0,11.0,0.0,0.0,0.0,0.0,0.0,0.0,0.0,0.0,3.0,42.0,2.0,0.0,1.0,tasks/clean_localvm_dir.yml,oVirt/ovirt-ansible-hosted-engine-setup,4.92,name remov local dir file path local dir state absent regist localvm dir debug varrm localvm dir name remov temporari entri etchost local lineinfil dest etchost regexp state absent
0.0,3.0,0.0,0.0,0.0,0.0,0.0,c8bf2e0ee463d3f0b4a2985c1cd2d2a974e1bde0,0.0,1553613064.0,0.0,no,tasks/fc_getdevices.yml,0.0,0.0,10.0,1.0,0.0,0.0,0.0,0.0,0.0,0.0,0.0,0.0,0.0,0.0,0.0,0.0,0.0,0.0,0.0,3.0,0.0,1.0,0.0,0.0,0.0,0.0,0.0,0.0,0.0,1.0,0.0,9.0,0.0,0.0,0.0,0.0,0.0,0.0,0.0,0.0,3.0,23.0,1.0,0.0,1.0,tasks/fc_getdevices.yml,oVirt/ovirt-ansible-hosted-engine-setup,4.35,includ task auth path name get fibr channel lun ovirt host storag fact host host name fcp lun auth ovirt auth regist otopi devic debug varotopi devic path
0.0,20.0,0.0,0.0,0.0,0.0,0.0,c8bf2e0ee463d3f0b4a2985c1cd2d2a974e1bde0,0.0,1553613064.0,0.0,no,meta/main.yml,0.0,5.0,16.0,0.0,0.0,0.0,0.0,0.0,0.0,0.0,0.0,0.0,0.0,0.0,0.0,0.0,0.0,0.0,0.0,0.0,1.0,0.0,0.0,0.0,0.0,0.0,0.0,0.0,0.0,0.0,0.0,14.0,0.0,0.0,0.0,0.0,0.0,0.0,0.0,0.0,1.0,39.0,2.0,0.0,0.0,meta/main.yml,oVirt/ovirt-ansible-hosted-engine-setup,5.18,galaxi info role name host engin setup author ido rosenzwig simon tiraboschi descript role deploy virt hostedengin compani red hat inc licens apach licens min ansibl version platform name version name fedora version galaxi tag ovirt rhv rhev virtual depend
0.0,6.0,0.0,0.0,0.0,0.0,0.0,c8bf2e0ee463d3f0b4a2985c1cd2d2a974e1bde0,0.0,1553613064.0,0.0,no,tasks/pre_checks/validate_memory_size.yml,0.0,5.0,41.0,0.0,0.0,0.0,0.0,0.0,0.0,0.0,0.0,0.0,0.0,1.0,0.0,4.0,5.0,0.0,0.0,6.0,1.0,0.0,2.0,0.0,0.0,0.0,0.0,0.0,0.0,0.0,0.0,38.0,0.0,0.0,0.0,0.0,0.0,0.0,0.0,0.0,7.0,226.0,9.0,0.0,4.0,tasks/pre_checks/validate_memory_size.yml,oVirt/ovirt-ansible-hosted-engine-setup,6.32,name get avail memori amount block name get free memori shell free grep mem awk print chang regist free mem debug varfre mem name get cach memori shell free grep mem awk print chang regist cach mem debug varcach mem name set max memori set fact max mem free path cach path regist max mem debug varmax mem name set mem size max avail defin set fact mem size mem size mem size max els max mem regist mem size debug varh mem size name fail avail memori less minim requir fail msg avail memori max mem less minim requir minim mem size requir check enabl memori requir check enabl max memint minim mem size mbint name fail user chose less memori minim requir fail msg memori size must least minim mem size select mem size requir check enabl memori requir check enabl minim mem size mbint mem size mbint name fail user chose memori avail memori fail msg enough memori mem size max mem avail host mem size mbint max memint name fail disk size smaller minim requir fail msg disk size small disk size disk size must least minim disk size requir check enabl disk size gbint minim disk size gbint
0.0,4.0,0.0,0.0,0.0,0.0,0.0,c8bf2e0ee463d3f0b4a2985c1cd2d2a974e1bde0,0.0,1553613064.0,0.0,no,tasks/get_local_vm_disk_path.yml,0.0,0.0,12.0,0.0,0.0,0.0,0.0,0.0,0.0,0.0,0.0,0.0,0.0,0.0,0.0,1.0,0.0,0.0,0.0,3.0,0.0,0.0,0.0,0.0,0.0,0.0,0.0,0.0,0.0,0.0,0.0,11.0,0.0,0.0,0.0,0.0,0.0,0.0,0.0,0.0,3.0,32.0,2.0,0.0,1.0,tasks/get_local_vm_disk_path.yml,oVirt/ovirt-ansible-hosted-engine-setup,4.88,name find local applianc imag find path local dir imag recurs pattern path meta use regex regist app img debug varapp img name set local disk path set fact local disk path app path path app path
0.0,165.0,0.0,0.0,0.0,0.0,0.0,c8bf2e0ee463d3f0b4a2985c1cd2d2a974e1bde0,0.0,1553613064.0,0.0,no,tasks/create_storage_domain.yml,0.0,0.0,164.0,6.0,0.0,0.0,0.0,0.0,0.0,0.0,0.0,0.0,0.0,1.0,0.0,8.0,1.0,0.0,0.0,0.0,1.0,0.0,10.0,0.0,0.0,0.0,0.0,0.0,0.0,1.0,0.0,152.0,0.0,0.0,0.0,6.0,0.0,0.0,0.0,0.0,1.0,571.0,20.0,0.0,13.0,tasks/create_storage_domain.yml,oVirt/ovirt-ansible-hosted-engine-setup,6.69,name creat host engin local block name check local dir stat stat path local dir regist local dir stat name enforc local dir exist fail msg local dir local dir exist local dir path includ task auth path name fetch host fact ovirt host fact pattern name host name auth ovirt auth regist host result host result ansibl fact host result ovirt host host path fact host path path hostslength host path path host path retri delay debug varhost result name fetch cluster set fact cluster host path path host path name fetch cluster fact ovirt cluster fact auth ovirt auth regist cluster fact debug varclust fact name fetch datacent fact ovirt datacent fact auth ovirt auth regist datacent fact debug vardatacent fact name fetch datacent set fact datacent ovirt clustersjson queri cluster path path first name fetch datacent name set fact datacent name ovirt datacentersjson queri datacent path first name add nf storag domain ovirt storag domain state unattach name storag domain name host host name data center datacent name wait nf address storag domain addr path storag domain path mount option mount option version nf version auth ovirt auth domain type nf regist otopi storag domain detail nf name add glusterf storag domain ovirt storag domain state unattach name storag domain name host host name data center datacent name wait glusterf address storag domain addr path storag domain path mount option mount option auth ovirt auth domain type glusterf regist otopi storag domain detail gluster name add scsi storag domain ovirt storag domain state unattach name storag domain name host host name data center datacent name wait discard delet discard iscsi address storag domain path first port iscsi portal path first iscsi portal port string els iscsi portal port target iscsi target lun lun usernam iscsi usernam password iscsi password auth ovirt auth domain type iscsi regist otopi storag domain detail iscsi name add fibr channel storag domain ovirt storag domain state unattach name storag domain name host host name data center datacent name wait discard delet discard fcp lun lun auth ovirt auth regist otopi storag domain detail domain type name get storag domain detail ovirt storag domain fact pattern name storag domain name auth ovirt auth regist storag domain detail debug varstorag domain detail name find applianc ovf find path local dir master recurs pattern path meta path use regex regist app ovf debug varapp ovf name pars ovf xml path app path path xpath ovf envelopesectiondisk namespac ovf http path rasd http path resourc alloc set data vssd http path virtual system set data xsi http path content attribut regist disk size xml name get requir size set fact requir size disk size path path http path size int storag domain path path storag domain path space action blockerint debug varrequir size name remov unsuit storag domain ovirt storag domain host host name data center datacent name name storag domain name wait state absent destroy auth ovirt auth storag domain path path storag domain path requir sizeint regist remov storag domain detail debug varremov storag domain detail name check storag domain free space fail msg error target storag domain contain storag domain path path storag domain path avail space minimum requir sizeint requir wish use current target storag domain extend make sure contain noth ad storag domain path path storag domain path requir sizeint name activ storag domain ovirt storag domain host host name data center datacent name name storag domain name wait state present auth ovirt auth storag domain path path storag domain path requir sizeint regist otopi storag domain detail debug varotopi storag domain detail path
0.0,97.0,0.0,0.0,0.0,0.0,0.0,c8bf2e0ee463d3f0b4a2985c1cd2d2a974e1bde0,0.0,1553613064.0,0.0,no,tasks/bootstrap_local_vm/01_prepare_routing_rules.yml,0.0,0.0,97.0,4.0,0.0,0.0,0.0,0.0,0.0,0.0,0.0,0.0,0.0,1.0,0.0,11.0,11.0,0.0,0.0,0.0,1.0,0.0,2.0,0.0,0.0,0.0,0.0,0.0,0.0,1.0,0.0,86.0,0.0,0.0,0.0,2.0,0.0,0.0,0.0,0.0,1.0,357.0,18.0,0.0,8.0,tasks/bootstrap_local_vm/01_prepare_routing_rules.yml,oVirt/ovirt-ansible-hosted-engine-setup,6.34,name prepar rout rule block name start libvirt servic name libvirtd state start enabl name activ default libvirt network virt net name default state activ regist virt net debug varvirt net name check ipv set fact ipv deploy host target address path line host target address path line els includ task libvirt default net ipv path ipv deploymentbool name get libvirt interfac virt net command fact name get rout rule ipv command rule environ cmd lang regist rout rule ipv chang debug varrout rule ipv name get rout rule ipv command rule environ cmd lang regist rout rule ipv chang ipv deploymentbool debug varrout rule ipv name save bridg name set fact virbr default ansibl libvirt network default bridg name wait bridg appear host command link show virbr default environ cmd lang chang regist link show bridg link show path retri delay name refresh network fact setup tag skip ansibl lint name fetch ipv cidr virbr default set fact virbr cidr ipv hostvar inventori hostnam ansibl virbr default ipv address hostvar inventori hostnam ansibl virbr default ipv netmask ipv hostprefix ipv deploymentbool debug varvirbr cidr ipv name fetch ipv cidr virbr default set fact virbr cidr ipv hostvar inventori hostnam ansibl virbr default ipv address hostvar inventori hostnam ansibl virbr default ipv prefix ipv hostprefix ipv hostvar inventori hostnam ansibl virbr default els none ipv deploymentbool debug varvirbr cidr ipv name add ipv outbound rout rule command rule add virbr cidr ipv prioriti tabl main environ cmd lang regist result ipv deploymentbool tfrom virbr cidr ipv lookup main rout rule path chang debug varresult name add ipv inbound rout rule command rule add virbr cidr ipv prioriti tabl main environ cmd lang regist result chang ipv deploymentbool tfrom virbr cidr ipv lookup main rout rule path debug varresult name add ipv outbound rout rule command rule add virbr cidr ipv prioriti tabl main environ cmd lang regist result ipv deploymentbool tfrom virbr cidr ipv lookup main rout rule path chang debug varresult name add ipv inbound rout rule command rule add virbr cidr ipv prioriti tabl main environ cmd lang regist result chang ipv deploymentbool tfrom virbr cidr ipv lookup main rout rule path debug varresult
0.0,101.0,0.0,0.0,0.0,0.0,0.0,c8bf2e0ee463d3f0b4a2985c1cd2d2a974e1bde0,0.0,1553613064.0,0.0,no,tasks/initial_clean.yml,0.0,0.0,110.0,3.0,0.0,0.0,0.0,0.0,0.0,0.0,0.0,0.0,0.0,1.0,0.0,3.0,0.0,2.0,0.0,0.0,1.0,0.0,6.0,0.0,0.0,0.0,0.0,0.0,0.0,0.0,0.0,90.0,0.0,3.0,0.0,2.0,0.0,0.0,0.0,0.0,1.0,333.0,19.0,0.0,3.0,tasks/initial_clean.yml,oVirt/ovirt-ansible-hosted-engine-setup,6.4,name initi clean tag initi clean block name stop libvirt servic servic name libvirtd state stop enabl name drop vdsm config statement command sed vdsm environ cmd lang arg warn item path path path etcsysconfiglibvirtd tag skip ansibl lint name restor initi abrt config file copi remot src src path dest path item src path dest path src path dest path src path dest path src path dest path name restart abrtd servic servic name abrtd state restart name drop libvirt sasl configur vdsm command sed environ cmd lang arg warn tag skip ansibl lint name stop disabl servic servic name item state stop enabl item ovirthaag ovirthabrok vdsmd name restor initi libvirt default network configur copi remot src src path dest path name start libvirt servic name libvirtd state start enabl name check leftov local host engin shell virsh list grep name local cat environ cmd lang chang regist local list name destroy leftov local host engin command virsh destroy name local environ cmd lang ignor error local path lineslength name check leftov defin local host engin shell virsh list grep name local cat environ cmd lang chang regist local list name undefin leftov local engin command virsh undefin managedsav name local environ cmd lang local list path lineslength chang name check leftov defin host engin shell virsh list grep name cat environ cmd lang chang regist target list name undefin leftov engin command virsh undefin managedsav name environ cmd lang target list path lineslength chang name remov eventu entri local known host file known host name fqdn state absent deleg localhost path
0.0,8.0,0.0,0.0,0.0,0.0,0.0,c8bf2e0ee463d3f0b4a2985c1cd2d2a974e1bde0,0.0,1553613064.0,0.0,no,tasks/install_packages.yml,0.0,0.0,8.0,0.0,0.0,0.0,0.0,0.0,0.0,0.0,0.0,0.0,0.0,0.0,0.0,0.0,0.0,0.0,0.0,1.0,0.0,0.0,0.0,0.0,0.0,0.0,0.0,0.0,0.0,0.0,0.0,8.0,0.0,0.0,0.0,0.0,0.0,0.0,0.0,0.0,1.0,21.0,2.0,0.0,1.0,tasks/install_packages.yml,oVirt/ovirt-ansible-hosted-engine-setup,4.2,name instal virt host engin packag packag name ovirthostedenginesetup state present regist task result task result success retri delay
0.0,11.0,0.0,0.0,0.0,0.0,0.0,c8bf2e0ee463d3f0b4a2985c1cd2d2a974e1bde0,0.0,1553613064.0,0.0,no,tasks/auth_sso.yml,0.0,0.0,11.0,1.0,0.0,0.0,0.0,0.0,0.0,0.0,0.0,0.0,0.0,0.0,0.0,0.0,0.0,0.0,0.0,1.0,0.0,0.0,0.0,0.0,0.0,0.0,0.0,0.0,0.0,0.0,0.0,11.0,0.0,0.0,0.0,0.0,0.0,0.0,0.0,1.0,1.0,31.0,1.0,0.0,1.0,tasks/auth_sso.yml,oVirt/ovirt-ansible-hosted-engine-setup,4.89,name obtain sso token use usernamepassword credenti environ ovirt url http fqdn ovirtengineapi ovirt usernam admin intern ovirt password admin password ovirt auth insecur regist ovirt sso auth ovirt sso auth succeed retri delay
0.0,8.0,0.0,0.0,0.0,0.0,0.0,c8bf2e0ee463d3f0b4a2985c1cd2d2a974e1bde0,0.0,1553613064.0,0.0,no,tasks/full_execution.yml,0.0,10.0,58.0,0.0,0.0,0.0,0.0,0.0,0.0,0.0,0.0,0.0,0.0,6.0,0.0,0.0,0.0,0.0,0.0,1.0,6.0,0.0,0.0,0.0,0.0,1.0,12.0,0.0,0.0,1.0,0.0,58.0,0.0,1.0,0.0,0.0,0.0,0.0,0.0,0.0,7.0,198.0,20.0,0.0,9.0,tasks/full_execution.yml,oVirt/ovirt-ansible-hosted-engine-setup,5.75,name instal packag bootstrap local engin block name instal requir packag virt host engin deploy import task instal path name system configur valid includ task item fileglob pre path name clean environ deploy import task initi path name bootstrap local task block name bootstrap local import task bootstrap local prepar rout path name bootstrap local import task bootstrap local creat local path name local engin instal pre task block name bootstrap local import task bootstrap local engin initi path deleg path name engin setup local block name engin setup local var ovirt engin setup hostnam path ovirt engin setup organ cloud init domain name ovirt engin setup dwh host path ovirt engin setup firewal manag null ovirt engin setup answer file path rootovirtengineansw ovirt engin setup use remot answer file ovirt engin setup updat packag ovirt engin setup offlin ovirt engin setup admin password admin password import role name path deleg path name local engin instal post task block name bootstrap local import task bootstrap local engin final path deleg path name configur engin storag domain block name bootstrap local import task bootstrap local add path name creat storag domain import task creat storag path name creat target host engin import task creat target creat target host engin path name configur databas set import task creat target engin path deleg path name closeup block name host engin final task import task creat target host engin final path name final clean import task final path
0.0,8.0,0.0,0.0,0.0,0.0,0.0,c8bf2e0ee463d3f0b4a2985c1cd2d2a974e1bde0,0.0,1553613064.0,0.0,no,tasks/iscsi_getdevices.yml,0.0,0.0,31.0,2.0,0.0,0.0,0.0,0.0,0.0,0.0,0.0,0.0,0.0,0.0,0.0,0.0,0.0,0.0,0.0,4.0,0.0,1.0,2.0,1.0,0.0,0.0,0.0,0.0,0.0,1.0,0.0,28.0,0.0,1.0,0.0,1.0,0.0,0.0,0.0,1.0,4.0,100.0,3.0,0.0,1.0,tasks/iscsi_getdevices.yml,oVirt/ovirt-ansible-hosted-engine-setup,4.88,includ task auth path name scsi login ovirt host name host name state iscsilogin timeout iscsi usernam iscsi usernam password iscsi password address item port item target iscsi target auth ovirt auth log ignor error togeth iscsi portal path iscsi portal path iscsi portal port string els iscsi portal port name get scsi lun ovirt host storag fact host host name iscsi usernam iscsi usernam password iscsi password address iscsi portal path first port iscsi portal path first iscsi portal port string els iscsi portal port target iscsi target auth ovirt auth regist otopi iscsi devic debug varotopi iscsi devic path
0.0,180.0,0.0,0.0,0.0,0.0,0.0,c8bf2e0ee463d3f0b4a2985c1cd2d2a974e1bde0,0.0,1553613064.0,0.0,yes,tasks/bootstrap_local_vm/02_create_local_vm.yml,0.0,0.0,179.0,3.0,0.0,0.0,0.0,0.0,0.0,0.0,0.0,0.0,0.0,1.0,0.0,5.0,3.0,0.0,0.0,0.0,1.0,0.0,19.0,0.0,0.0,0.0,0.0,0.0,0.0,3.0,0.0,147.0,1.0,1.0,0.0,1.0,0.0,0.0,0.0,0.0,1.0,761.0,29.0,0.0,11.0,tasks/bootstrap_local_vm/02_create_local_vm.yml,oVirt/ovirt-ansible-hosted-engine-setup,7.75,name creat host engin local block name fetch valu host key check set fact host key check lookup config host key check debug varhost key check name regist engin fqdn host add host name fqdn group engin ansibl connect smart ansibl ssh extra arg strict host key checkingno user known host filedevnul ansibl host name localhost proxi command ssh host key check strict host key checkingno user known host filedevnul endif root ansibl host name endif ansibl ssh pass applianc password ansibl user root log name initi task block name get host uniqu shell path cat path elif procdevicetreesystemid cat procdevicetreesystemid els dmidecod systemuuid environ cmd lang chang regist uniqu name creat directori local tempfil state directori path local dir path prefix local dir prefix regist otopi localvm dir name set local dir path set fact local dir otopi localvm path name fix local directori permiss file state directori path local dir owner vdsm group kvm mode includ task instal path applianc ova none applianc ovalength name regist applianc path set fact applianc ova path applianc ova applianc ova none applianc ovalength debug varh applianc ova path name check avail space local directori shell outputavail local dir path grep avail environ cmd lang chang regist local dir space name check applianc size shell gzip applianc ova path grep uncompress awk print environ cmd lang chang regist applianc size name ensur enough space extract applianc assert local dir space path line int applianc path line int msg local dir path provid enough free space extract engin applianc local dir space path line int int avail applianc path line int int requir name extract applianc local directori unarch remot src src applianc ova path dest local dir extra opt spars includ task get local disk path name get applianc disk size command qemuimg info outputjson local disk path environ cmd lang chang regist qemu img debug varqemu img name pars qemuimg output set fact virtual size qemu img path jsonjson queri virtuals regist otopi applianc disk size debug varvirtu size name hash applianc root password command openssl passwd applianc password regist hash applianc password log block name initi open scap variabl set fact oscap dir usrsharexmlscapssgcont oscap dist ansibl distribut replac red hat rhel lower oscap ver ansibl distribut major version ansibl distribut fedora els name set open scap datastream path set fact oscap datastream oscap dir ssg oscap dist oscap ver path debug varoscap datastream name verifi open scap datastream stat path oscap datastream regist oscap stat name set default open scap profil shell oscap info profil oscap datastream grep standarddisa sort tail cut regist oscap profil oscap path debug varoscap profil appli openscap profil name creat cloud init userdata metadata file templat src path dest path item src path dest local dir userdata src path dest local dir metadata src path dest local dir networkconfig name creat iso disk command mkisof output local dir path volid cidata joliet rock inputcharset utf local dir metadata local dir userdata local dir networkconfig ipv deploy els none environ cmd lang chang name creat local command virtinstal name local osvari rhel virttyp kvm memori mem size vcpu vcpu network networkdefault mac mac addr modelvirtio disk local disk path import disk path local dir path devicecdrom noautoconsol rng devrandom graphic vnc video vga sound none control usb modelnon memballoon none boot menuoff clock kvmclock presenty environ cmd lang regist creat local chang debug varcreat local name get local shell virsh netdhcpleas default grep mac addr awk print cut environ cmd lang regist local local path lineslength retri delay chang debug varloc name remov leftov entri etchost local lineinfil dest etchost regexp state absent name creat entri etchost local lineinfil dest etchost line local path line fqdn insertbefor bof backup name wait ssh restart local wait host fqdn port delay timeout rescu includ task clean localvm path name notifi user failur fail msg system may provis accord playbook result pleas check log issu fix accordingli redeploy scratch
0.0,133.0,0.0,0.0,0.0,0.0,0.0,c8bf2e0ee463d3f0b4a2985c1cd2d2a974e1bde0,0.0,1553613064.0,0.0,no,tasks/bootstrap_local_vm/05_add_host.yml,0.0,0.0,140.0,0.0,0.0,0.0,0.0,0.0,0.0,0.0,0.0,0.0,1.0,1.0,0.0,6.0,3.0,0.0,0.0,0.0,1.0,0.0,3.0,0.0,0.0,0.0,0.0,0.0,0.0,3.0,0.0,117.0,0.0,0.0,0.0,5.0,0.0,0.0,0.0,0.0,1.0,514.0,20.0,0.0,6.0,tasks/bootstrap_local_vm/04_add_host.yml,oVirt/ovirt-ansible-hosted-engine-setup,7.36,name add host block name wait ovirtengin servic start uri url http fqdn ovirtengineserviceshealth return content regist engin statu welcom health statu engin path retri delay debug varengin statu name open port firewalld firewalld port webui forward port tcp perman immedi state enabl name expos engin webui local port via ssh port forward command sshpass ssh server aliv interv strict host key checkingno user known host filedevnul webui forward port fqdn fqdn environ cmd lang sshpass applianc password chang async poll regist sshpf debug varsshpf name evalu temporari bootstrap engin url set fact bootstrap engin url http host address webui forward port ovirtengin debug msg bootstrap engin temporari access bootstrap engin url name detect vlan shell link show bridg grep vlan grep cat environ cmd lang regist vlan chang debug varvlan name set engin public key author key without valid tlsssl certif author key user root state present key http fqdn ovirtengineservicespkiresourc resourceenginecertif formatopensshpubkey valid cert includ task auth path name ensur target datacent present ovirt datacent state present name data center wait local auth ovirt auth regist result presenc name ensur target cluster present target datacent ovirt cluster state present name cluster data center data center wait auth ovirt auth regist cluster result presenc name check actual cluster locat fail msg cluster name cluster creat earlier differ datacent cluster move still support avoid specifi differ cluster name pleas fix accordingli tri cluster result path path result path name enabl gluster cluster level ovirt cluster data center data center name cluster auth ovirt auth virt gluster enabl gluster servic defin enabl gluster servic name set vlan datacent level ovirt network data center data center name mgmt network vlan tag vlan path auth ovirt auth vlan path name forc hostdeploy offlin mode templat src path dest path name add host ovirt host cluster cluster name host name state present public key address host address auth ovirt auth async poll name wait host ovirt host fact pattern name host name auth ovirt auth regist host result check host result check succeed host result path path hostslength host result path path host path host result path path host path non oper retri delay debug varhost result check name check host statu fail msg host set non oper statu pleas check engin log fix accordingli redeploy host result check succeed host result path path hostslength host result path path host path non oper name remov hostdeploy configur file file state absent path path rescu name fetch log engin includ task fetch engin path ignor error includ task clean localvm path name notifi user failur fail msg system may provis accord playbook result pleas check log issu fix accordingli redeploy scratch
0.0,10.0,0.0,0.0,0.0,0.0,0.0,c8bf2e0ee463d3f0b4a2985c1cd2d2a974e1bde0,0.0,1553613064.0,0.0,no,tasks/partial_execution.yml,0.0,31.0,97.0,0.0,0.0,0.0,0.0,0.0,0.0,0.0,0.0,0.0,0.0,4.0,0.0,0.0,0.0,0.0,0.0,8.0,4.0,0.0,0.0,0.0,0.0,1.0,18.0,0.0,0.0,1.0,0.0,86.0,0.0,1.0,0.0,0.0,0.0,0.0,0.0,0.0,12.0,287.0,28.0,0.0,9.0,tasks/partial_execution.yml,oVirt/ovirt-ansible-hosted-engine-setup,6.16,name forc fact gather setup tag initi clean final clean bootstrap local creat storag domain creat target iscsi discov iscsi getdevic getdevic get network interfac valid hostnam never name initi valid cleanup block name instal requir packag virt host engin deploy import task instal path name system configur valid includ task item fileglob pre path name clean environ deploy import task initi path tag initi clean bootstrap local never name bootstrap local engin block name bootstrap local engin block name bootstrap local import task bootstrap local prepar rout path name bootstrap local import task bootstrap local creat local path name local engin instal pre task block name bootstrap local import task bootstrap local engin initi path deleg path name engin setup local var ovirt engin setup hostnam path ovirt engin setup organ cloud init domain name ovirt engin setup dwh host path ovirt engin setup firewal manag null ovirt engin setup answer file path rootovirtengineansw ovirt engin setup use remot answer file ovirt engin setup updat packag ovirt engin setup offlin ovirt engin setup admin password admin password import role name path deleg path name local engin instal post task block name bootstrap local import task bootstrap local engin final path deleg path name add first host block name bootstrap local import task bootstrap local add path tag bootstrap local never name creat hostedengin storag domain block name creat storag domain import task creat storag path tag creat storag domain never name creat configur target block name fetch host address import task fetch host path name creat target host engin import task creat target creat target host engin path name configur databas set import task creat target engin path deleg path tag creat target never name host engin final task import task creat target host engin final path tag creat target never name final clean import task final path tag creat target final clean never name valid network interfac import task pre check valid network path tag get network interfac never name valid hostnam import task pre check valid hostnam path tag valid hostnam never name get devic import task path tag getdevic never name scsi discov import task iscsi path tag iscsi discov never name get scsi devic import task iscsi path tag iscsi getdevic never
0.0,83.0,0.0,0.0,0.0,0.0,0.0,c8bf2e0ee463d3f0b4a2985c1cd2d2a974e1bde0,0.0,1553613064.0,0.0,no,tasks/create_target_vm/02_engine_vm_configuration.yml,0.0,0.0,86.0,2.0,0.0,0.0,0.0,0.0,0.0,0.0,0.0,0.0,0.0,1.0,0.0,2.0,2.0,0.0,0.0,0.0,1.0,0.0,2.0,0.0,0.0,0.0,0.0,0.0,0.0,1.0,0.0,78.0,0.0,1.0,0.0,0.0,0.0,0.0,0.0,0.0,1.0,280.0,14.0,0.0,3.0,tasks/create_target_vm/02_engine_vm_configuration.yml,oVirt/ovirt-ansible-hosted-engine-setup,6.64,name engin configur task block includ task path debug varscl conf name creat temporari directori ansibl postgr user file path path state directori owner postgr group postgr mode name updat target detail level command scl prefix psql engin updat static set path path guid hostvar ansibl host name detail environ cmd lang becom becom user postgr becom method sudo chang regist updat item field origin valu debug vardb updat name insert host engin configur disk uuid engin databas command scl prefix psql engin updat vdc option set option valu hostvar ansibl host name conf disk detail disk option namehost engin configur imag guid versiongener environ cmd lang becom becom user postgr becom method sudo chang regist conf updat debug vardb conf updat name fetch host spm command scl prefix psql engin select vd spm vd vd name hostvar ansibl host name host name environ cmd lang becom becom user postgr becom method sudo chang regist host spm name pars host spm set fact host spm host spm path linesfirsttrim debug varhost spm name restor origin disabl fenc startup sec shell engineconfig disabl fenc startup sec cat rootdis fenc startup path environ cmd lang chang restor file defin restor file name remov disabl fenc startup sec temporari file file path rootdis fenc startup path state absent restor file defin restor file name restor origin ovf updat interv minut shell engineconfig ovf updat interv minut cat rootovf updat interv path environ cmd lang chang name remov ovf updat interv minut temporari file file path rootovf updat interv path state absent chang name restor origin sso altern engin fqdn block name remov temporari valu lineinfil path path regexp sso altern engin fqdn state absent name restor origin valu replac path path regexp replac name remov temporari directori ansibl postgr user file path path state absent
0.0,8.0,0.0,0.0,0.0,0.0,0.0,c8bf2e0ee463d3f0b4a2985c1cd2d2a974e1bde0,0.0,1553613064.0,0.0,no,tasks/pre_checks/validate_services_status.yml,0.0,0.0,16.0,0.0,0.0,0.0,0.0,0.0,0.0,0.0,0.0,0.0,0.0,0.0,0.0,2.0,1.0,0.0,0.0,2.0,0.0,0.0,0.0,0.0,0.0,0.0,0.0,0.0,0.0,0.0,0.0,15.0,0.0,2.0,0.0,1.0,0.0,0.0,0.0,0.0,2.0,55.0,3.0,0.0,1.0,tasks/pre_checks/validate_services_status.yml,oVirt/ovirt-ansible-hosted-engine-setup,4.9,name popul servic fact systemd name servic item regist check servic item firewalld loop control loop var servic item name fail servic mask run fail msg path mask run path state run path state mask item check path loop control label path loop var servic
0.0,6.0,0.0,0.0,0.0,0.0,0.0,c8bf2e0ee463d3f0b4a2985c1cd2d2a974e1bde0,0.0,1553613064.0,0.0,no,tasks/iscsi_discover.yml,0.0,0.0,36.0,3.0,0.0,0.0,0.0,0.0,0.0,0.0,0.0,0.0,0.0,0.0,0.0,0.0,0.0,0.0,0.0,6.0,0.0,1.0,1.0,0.0,0.0,0.0,0.0,0.0,0.0,1.0,0.0,35.0,0.0,0.0,0.0,0.0,0.0,0.0,0.0,1.0,6.0,99.0,3.0,0.0,2.0,tasks/iscsi_discover.yml,oVirt/ovirt-ansible-hosted-engine-setup,5.98,includ task auth path name prepar scsi paramet set fact iscsid iscsi address iscsi portal addr port iscsi portal port usernam iscsi discov usernam password iscsi discov password log name fetch host fact ovirt host fact pattern name host name auth ovirt auth regist host result host result succeed host path path hostslength retri delay debug varhost result name scsi discov rest api uri url http fqdn ovirtengineapihost host path path host path iscsidiscov valid cert user admin intern password admin password method post bodi iscsid json return content bodi format json statu code header contenttyp applicationjson accept applicationjson regist otopi iscsi target debug varotopi iscsi target path
0.0,5.0,0.0,0.0,0.0,0.0,0.0,c8bf2e0ee463d3f0b4a2985c1cd2d2a974e1bde0,0.0,1553613064.0,0.0,no,tasks/fetch_engine_logs.yml,0.0,0.0,27.0,0.0,0.0,0.0,0.0,0.0,0.0,0.0,0.0,0.0,0.0,0.0,1.0,1.0,0.0,0.0,0.0,5.0,0.0,0.0,0.0,1.0,0.0,0.0,0.0,0.0,0.0,1.0,0.0,24.0,0.0,1.0,0.0,0.0,0.0,0.0,0.0,0.0,5.0,76.0,4.0,0.0,0.0,tasks/fetch_engine_logs.yml,oVirt/ovirt-ansible-hosted-engine-setup,5.65,name set destin directori path set fact destdirvarlogovirthostedenginesetupenginelog ansibl date path name creat destin directori file state directori path destdir owner root group root mode includ task get local disk path name give time flush dirti buffer paus second name copi engin log command virtcopyout local disk path item destdir environ libguestf backend direct lang path messag path path ignor error chang item varlogovirtengin varlogmessag local disk path defin
0.0,5.0,0.0,0.0,0.0,0.0,0.0,c8bf2e0ee463d3f0b4a2985c1cd2d2a974e1bde0,0.0,1553613064.0,0.0,no,tasks/pre_checks/validate_vcpus_count.yml,0.0,2.0,20.0,0.0,0.0,0.0,0.0,0.0,0.0,0.0,0.0,0.0,0.0,1.0,0.0,1.0,0.0,0.0,0.0,3.0,1.0,0.0,0.0,0.0,0.0,0.0,0.0,0.0,0.0,0.0,0.0,20.0,0.0,0.0,0.0,0.0,0.0,0.0,0.0,0.0,4.0,83.0,5.0,0.0,3.0,tasks/pre_checks/validate_vcpus_count.yml,oVirt/ovirt-ansible-hosted-engine-setup,5.51,name defin maxvcpu block name get max cpu command grep processor proccpuinfo chang regist max cpu name set maxvcpu set fact maxvcpu max path regist maxvcpu debug varh maxvcpu name set vcpu maximum amount defin set fact vcpu vcpu vcpu max els maxvcpu regist vcpu debug varh vcpu name check number chosen cpu fail msg invalid number cpu specifi vcpu maxvcpu avail host maxvcpusint vcpusint
0.0,4.0,0.0,0.0,0.0,0.0,0.0,c8bf2e0ee463d3f0b4a2985c1cd2d2a974e1bde0,0.0,1553613064.0,0.0,no,tasks/install_appliance.yml,0.0,0.0,35.0,0.0,0.0,0.0,0.0,0.0,0.0,0.0,0.0,0.0,0.0,0.0,0.0,1.0,0.0,0.0,0.0,10.0,0.0,0.0,1.0,0.0,0.0,0.0,0.0,0.0,0.0,0.0,0.0,35.0,0.0,0.0,0.0,0.0,0.0,0.0,2.0,0.0,10.0,117.0,7.0,0.0,4.0,tasks/install_appliance.yml,oVirt/ovirt-ansible-hosted-engine-setup,5.79,name instal ovirtengineappli rpm yum name ovirtengineappli state present regist task result task result success retri delay name pars applianc configur path shell set euo pipefail grep path path cut environ cmd lang regist applianc ova chang debug varh applianc ova name pars applianc configur shasum shell set euo pipefail grep shasum path cut environ cmd lang regist applianc ova sha chang debug varh applianc ova sha name get ova path set fact applianc ova path applianc ova path linesfirst cacheabl debug varh applianc ova path name comput shasum stat path applianc ova path checksum algorithm sha regist ova stat debug varova stat name compar shasum fail msg applianc ova path corrupt shasum applianc ova path linesfirst ova path
0.0,60.0,0.0,0.0,0.0,0.0,0.0,c8bf2e0ee463d3f0b4a2985c1cd2d2a974e1bde0,0.0,1553613064.0,0.0,no,tasks/pre_checks/001_validate_network_interfaces.yml,0.0,0.0,77.0,0.0,0.0,0.0,0.0,0.0,0.0,0.0,0.0,0.0,0.0,1.0,0.0,21.0,20.0,0.0,0.0,0.0,1.0,0.0,7.0,0.0,0.0,0.0,0.0,0.0,0.0,0.0,0.0,36.0,0.0,3.0,0.0,0.0,0.0,0.0,0.0,0.0,1.0,255.0,6.0,0.0,4.0,tasks/pre_checks/001_validate_network_interfaces.yml,oVirt/ovirt-ansible-hosted-engine-setup,6.21,name network interfac block name detect interfac exist manag bridg set fact bridg interfac hostvar inventori hostnam ansibl bridg name interfac first ansibl bridg name hostvar inventori hostnam item ovirtmgmt rhevm loop control loop var bridg name debug varbridg interfac name get activ network interfac var accept bond mode activebackup balancexor broadcast set fact otopi net host ifac item type hostvar inventori hostnam ansibl ifac item type bond valid name ifac item regex search bond ifac item bridg interfac defin activ hostvar inventori hostnam ansibl ifac item hostvar inventori hostnam ansibl ifac item activ hostvar inventori hostnam ansibl ifac item type bridg hostvar inventori hostnam ansibl ifac item ipv defin hostvar inventori hostnam ansibl ifac item ipv defin hostvar inventori hostnam ansibl ifac item type bond hostvar inventori hostnam ansibl ifac item type bond hostvar inventori hostnam ansibl ifac item slave defin hostvar inventori hostnam ansibl ifac item mode accept bond mode item ansibl interfac map replac list loop control loop var ifac item regist valid network interfac debug varvalid network interfac name filter bond bad name set fact net ifac bond item skip bond item bond item ansibl fact type ether bond item ansibl fact type bond bond item ansibl fact bond valid name item valid network interfac result loop control loop var bond item regist filter list debug varbb filter list name gener output list set fact otopi host net bridg interfac bridg interfac defin els filter path reject skip map attributebond path item list regist otopi host net debug varotopi host net name valid select bridg interfac manag bridg exist fail msg select network interfac valid bridg otopi host net bridg interfac defin collect network interfac path
0.0,3.0,0.0,0.0,0.0,0.0,0.0,c8bf2e0ee463d3f0b4a2985c1cd2d2a974e1bde0,0.0,1553613064.0,0.0,no,tasks/pg_scl.yml,0.0,0.0,14.0,0.0,0.0,0.0,0.0,0.0,0.0,0.0,0.0,0.0,0.0,0.0,1.0,0.0,0.0,0.0,0.0,5.0,0.0,0.0,1.0,0.0,0.0,0.0,0.0,0.0,0.0,0.0,0.0,14.0,0.0,0.0,0.0,0.0,0.0,0.0,1.0,0.0,5.0,56.0,3.0,0.0,2.0,tasks/pg_scl.yml,oVirt/ovirt-ansible-hosted-engine-setup,5.02,name find configur file scl postgr sql shell path environ cmd lang regist scl conf flist chang debug varscl conf flist name check scl postgr sql valu command grep sclenv scl conf path linesfirst environ cmd lang regist scl conf chang debug varscl conf name set scl prefix postgr sql set fact scl prefix scl enabl scl path line path path
0.0,206.0,0.0,0.0,0.0,0.0,0.0,c8bf2e0ee463d3f0b4a2985c1cd2d2a974e1bde0,0.0,1553613064.0,0.0,no,tasks/create_target_vm/01_create_target_hosted_engine_vm.yml,0.0,0.0,207.0,3.0,0.0,0.0,0.0,0.0,0.0,0.0,0.0,0.0,0.0,1.0,0.0,1.0,0.0,0.0,0.0,0.0,1.0,0.0,20.0,0.0,0.0,0.0,0.0,0.0,0.0,1.0,0.0,187.0,1.0,2.0,0.0,3.0,0.0,0.0,0.0,3.0,1.0,639.0,33.0,0.0,11.0,tasks/create_target_vm/01_create_target_hosted_engine_vm.yml,oVirt/ovirt-ansible-hosted-engine-setup,7.36,name creat target host engin block name fetch valu host key check set fact host key check lookup config host key check debug varhost key check name regist engin fqdn host add host name fqdn group engin ansibl connect smart ansibl ssh extra arg strict host key checkingno user known host filedevnul ansibl host name localhost proxi command ssh host key check strict host key checkingno user known host filedevnul endif root ansibl host name endif ansibl ssh pass applianc password ansibl user root log includ task auth path name get local shell virsh netdhcpleas default grep mac addr awk print cut environ cmd lang regist local chang debug varloc name fetch host fact ovirt host fact pattern name host name statusup auth ovirt auth regist host result host result succeed host path path hostslength retri delay debug varhost result name fetch cluster set fact cluster host path path host path name fetch cluster fact ovirt cluster fact auth ovirt auth regist cluster fact debug varclust fact name fetch datacent fact ovirt datacent fact auth ovirt auth regist datacent fact debug vardatacent fact name fetch cluster name set fact cluster name ovirt clustersjson queri cluster path first name fetch datacent set fact datacent ovirt clustersjson queri cluster path path first name fetch datacent name set fact datacent name ovirt datacentersjson queri datacent path first name pars cluster detail set fact cluster cpu ovirt clustersselectattr match cluster map attributecpu listfirst cluster version ovirt clustersselectattr match cluster map attributevers listfirst name get server cpu list via rest api uri url http fqdn ovirtengineapioptionsserv cpulist version cluster path cluster path valid cert user admin intern password admin password method get return content statu code header accept applicationjson log regist server cpu list debug varserv cpu list name get cluster emul machin list via rest api uri url http fqdn ovirtengineapioptionsclust emul machin version cluster path cluster path valid cert user admin intern password admin password method get return content statu code header accept applicationjson log regist emul machin list name prepar pars server cpu list set fact server cpu dict name pars server cpu list set fact server cpu dict server cpu dict combin path path item server cpu path valu system option valu valu path list debug varserv cpu dict name convert cpu model name set fact cluster cpu model server cpu dict cluster path debug varclust cpu model name pars emul machin set fact emul machin emul machin path valu system option valu valu path path path first name get storag domain detail ovirt storag domain fact pattern name storag domain name datacent datacent name auth ovirt auth regist storag domain detail debug varstorag domain detail name add disk ovirt disk name path size path format path spars path descript path interfac virtio storag domain storag domain name wait timeout auth ovirt auth item name virtio disk descript hostedengin disk size disk size format raw spars domain type domain type iscsi els name sanlock descript hostedengin sanlock disk size format raw spars name host engin configur imag descript hostedengin configur disk size format raw spars name metadata descript hostedengin metadata disk size format raw spars regist add disk name regist disk detail set fact virtio disk detail add path sanlock disk detail add path conf disk detail add path metadata disk detail add path debug varadd disk name set default graphic protocol set fact graphic protocol vnc spice name check fip enabl command sysctl path enabl regist fip enabl debug varh fip enabl name select graphic protocol set fact graphic protocol spice fip path debug varh graphic protocol name add ovirt state stop cluster cluster name name name descript host engin virtual machin memori mem size mib cpu core vcpu cpu socket graphic consol headless mode protocol graphic protocol serial consol oper system rhel type server high avail prioriti delet protect storag domain storag domain name disk name virtio disk nic name vnet profil name mgmt network interfac virtio mac address mac addr auth ovirt auth regist detail debug varh detail name regist extern local uuid shell virsh domuuid name local head environ cmd lang regist extern local uuid chang debug varextern local uuid
0.0,10.0,0.0,0.0,0.0,0.0,0.0,c8bf2e0ee463d3f0b4a2985c1cd2d2a974e1bde0,0.0,1553613064.0,0.0,no,tasks/pre_checks/validate_mac_address.yml,0.0,0.0,17.0,0.0,0.0,0.0,0.0,0.0,0.0,0.0,0.0,0.0,0.0,1.0,0.0,1.0,1.0,0.0,0.0,1.0,1.0,0.0,0.0,0.0,0.0,0.0,0.0,0.0,0.0,0.0,0.0,16.0,0.0,0.0,0.0,0.0,0.0,0.0,0.0,0.0,2.0,84.0,4.0,0.0,2.0,tasks/pre_checks/validate_mac_address.yml,oVirt/ovirt-ansible-hosted-engine-setup,5.5,name defin engin mac address block name gener unicast mac address shell devurandom sed path bdf chang regist mac address debug varmac address name set mac addr set fact mac addr mac path mac addr defin mac addr none els mac addr regist mac addr name fail mac address structur incorrect fail msg invalid mac address structur got mac addr mac addr regex search debug varh mac addr
0.0,4.0,0.0,0.0,0.0,0.0,0.0,c8bf2e0ee463d3f0b4a2985c1cd2d2a974e1bde0,0.0,1553613064.0,0.0,no,tasks/auth_revoke.yml,0.0,0.0,4.0,0.0,0.0,0.0,0.0,0.0,0.0,0.0,0.0,0.0,0.0,0.0,0.0,0.0,0.0,0.0,0.0,1.0,0.0,0.0,0.0,0.0,0.0,0.0,0.0,0.0,0.0,0.0,0.0,4.0,0.0,0.0,0.0,0.0,0.0,0.0,0.0,0.0,1.0,13.0,1.0,0.0,0.0,tasks/auth_revoke.yml,oVirt/ovirt-ansible-hosted-engine-setup,3.55,name alway revok sso token ovirt auth state absent ovirt auth ovirt sso auth
0.0,25.0,0.0,0.0,0.0,0.0,0.0,c8bf2e0ee463d3f0b4a2985c1cd2d2a974e1bde0,0.0,1553613064.0,0.0,no,tasks/pre_checks/002_validate_hostname_tasks.yml,0.0,1.0,116.0,0.0,0.0,0.0,0.0,0.0,0.0,0.0,0.0,0.0,0.0,2.0,0.0,24.0,12.0,0.0,0.0,2.0,2.0,0.0,12.0,0.0,0.0,0.0,2.0,0.0,0.0,0.0,0.0,79.0,0.0,1.0,0.0,0.0,0.0,0.0,0.0,0.0,4.0,474.0,17.0,0.0,4.0,tasks/pre_checks/002_validate_hostname_tasks.yml,oVirt/ovirt-ansible-hosted-engine-setup,6.79,name choos ipv ipv auto import task ipv path name defin host address host import task fetch host path host none host address none name valid host hostnam block name avoid localhost fail msg localhost valid address host address localhost path name ensur host address resolv local fail msg address propos host resolv local host ansibl ipv address union ansibl ipv address name ensur resolv address resolv select interfac block name get target address select interfac ipv shell addr show mgmt network ansibl mgmt path hostvar inventori hostnam els bridg grep inet cut cut regist target address chang debug vartarget address name get target address select interfac ipv shell addr show mgmt network ansibl mgmt path hostvar inventori hostnam els bridg grep inet cut cut regist target address chang debug vartarget address name check resolv address resolv select interfac fail msg resolv address resolv select interfac host target address path line host target address path line name check alia shell getent key host address cut uniq regist hostnam re count output chang ignor error debug varhostnam re count output name filter resolv address list set fact hostnam re count output filter hostnam re count path line differ target address path line differ target address path line name ensur resolv address resolv select interfac fail msg hostnam host address uniqu match interfac bridg select manag bridg match also interfac hostnam re count path line differ host pleas make sure hostnam got interfac manag network resolv hostnam re count output filteredlength bridg defin bridg none mgmt network defin host address defin host address none name valid engin fqdn block name avoid localhost fail msg localhost valid fqdn engin fqdn localhost path name get engin fqdn resolut shell getent key fqdn grep stream environ cmd lang regist fqdn resolut output chang ignor error debug varfqdn resolut output name check engin fqdn resolut fail msg unabl resolv address fqdn resolut path name pars engin fqdn resolut set fact fqdn address fqdn resolut path debug varr fqdn address name ensur engin fqdn resolv local fail msg fqdn propos engin resolv host fqdn address ansibl ipv address union ansibl ipv address name check httphttp proxi fail msg system configur use proxi pleas add except url proxi direct url proxi loop control loop var url item http fqdn http fqdn fqdn defin fqdn none
0.0,65.0,0.0,0.0,0.0,0.0,0.0,c8bf2e0ee463d3f0b4a2985c1cd2d2a974e1bde0,0.0,1553613064.0,0.0,no,tasks/bootstrap_local_vm/04_engine_final_tasks.yml,0.0,0.0,68.0,5.0,0.0,0.0,0.0,0.0,0.0,0.0,0.0,0.0,1.0,1.0,0.0,1.0,1.0,0.0,0.0,0.0,1.0,0.0,0.0,0.0,0.0,0.0,2.0,0.0,0.0,1.0,0.0,60.0,0.0,2.0,0.0,1.0,0.0,0.0,0.0,0.0,1.0,266.0,17.0,0.0,3.0,tasks/bootstrap_local_vm/04_engine_final_tasks.yml,oVirt/ovirt-ansible-hosted-engine-setup,6.92,name final engin task block name includ enginesetup custom task file engin includ task item fileglob hooksenginevm engin path regist includ engin setup result debug varinclud engin setup result name wait engin reach stabl condit wait timeout restor file defin restor file name configur libgf api support command engineconfig libgf api supportedtru cver environ cmd lang regist libgfapi support chang enabl libgfapibool debug varlibgfapi support name save origin ovf updat interv minut shell engineconfig ovf updat interv minut cut rootovf updat interv path environ cmd lang chang name set ovf updat interv minut command engineconfig ovf updat interv minut environ cmd lang chang name allow webadmin access first host block name save origin valu replac path path regexp sso altern engin fqdn replac name ad new sso altern engin fqdn line lineinfil path path line sso altern engin fqdn host address name restart ovirtengin servic chang ovf updat configur libgf api support systemd state restart name ovirtengin regist restart debug varrestart name mask cloudinit servic speed futur boot systemd mask name item item cloudinitloc cloudinit rescu name fetch log engin import task fetch engin path ignor error deleg ansibl host name name get local dir path set fact local dir hostvar ansibl host name local dir name clean bootstrap import task clean localvm path deleg ansibl host name name notifi user failur fail msg failur deploy engin local engin system may provis accord playbook result pleas check log issu fix accordingli redeploy scratch path
0.0,8.0,0.0,0.0,0.0,0.0,0.0,c8bf2e0ee463d3f0b4a2985c1cd2d2a974e1bde0,0.0,1553613064.0,0.0,no,tasks/main.yml,0.0,1.0,17.0,0.0,0.0,0.0,0.0,0.0,0.0,0.0,0.0,0.0,0.0,0.0,0.0,0.0,0.0,0.0,0.0,2.0,0.0,0.0,0.0,0.0,0.0,0.0,1.0,0.0,0.0,1.0,0.0,6.0,0.0,0.0,0.0,0.0,0.0,0.0,0.0,0.0,2.0,29.0,2.0,0.0,0.0,tasks/main.yml,oVirt/ovirt-ansible-hosted-engine-setup,4.72,name deploy hostedengin import task full path tag alway name execut specif set step includ task partial path tag initi clean final clean bootstrap local creat storag domain creat target iscsi discov iscsi getdevic getdevic get network interfac valid hostnam never
0.0,6.0,0.0,0.0,0.0,0.0,0.0,c8bf2e0ee463d3f0b4a2985c1cd2d2a974e1bde0,0.0,1553613064.0,0.0,no,tasks/fetch_host_ip.yml,0.0,2.0,39.0,0.0,0.0,0.0,0.0,0.0,0.0,0.0,0.0,0.0,0.0,1.0,1.0,4.0,0.0,0.0,0.0,6.0,1.0,0.0,1.0,0.0,0.0,0.0,1.0,0.0,0.0,0.0,0.0,38.0,0.0,0.0,0.0,0.0,0.0,0.0,0.0,0.0,7.0,129.0,9.0,0.0,4.0,tasks/fetch_host_ip.yml,oVirt/ovirt-ansible-hosted-engine-setup,5.72,name get full hostnam command hostnam chang regist host full name name defin host name defin set fact host name host full path line regist host name host name none debug varh host name name defin host address defin set fact host address host full path line regist host address host address none debug varh host address name defin host block name choos ipv ipv auto import task ipv path name get host address resolut shell getent key host address grep stream regist hostnam resolut output chang ignor error debug varhostnam resolut output name check address resolut fail msg unabl resolv address hostnam resolut path name pars host address resolut set fact host hostnam resolut path debug varh host name fail host empti fail msg host address host none
0.0,14.0,0.0,0.0,0.0,0.0,0.0,c8bf2e0ee463d3f0b4a2985c1cd2d2a974e1bde0,0.0,1553613064.0,0.0,no,tasks/pre_checks/validate_gateway.yml,0.0,1.0,28.0,0.0,0.0,0.0,0.0,0.0,0.0,0.0,0.0,0.0,0.0,1.0,0.0,14.0,14.0,0.0,0.0,1.0,1.0,0.0,0.0,0.0,0.0,0.0,0.0,0.0,0.0,0.0,0.0,24.0,0.0,0.0,0.0,0.0,0.0,0.0,0.0,0.0,2.0,125.0,5.0,0.0,3.0,tasks/pre_checks/validate_gateway.yml,oVirt/ovirt-ansible-hosted-engine-setup,5.35,name defin default gateway block name get default gateway ipv shell grep default awk print chang regist get gateway default gateway defin default gateway none default gateway debug varget gateway name get default gateway ipv shell grep default awk print chang regist get gateway default gateway defin default gateway none default gateway debug varget gateway name set gateway set fact gateway get gateway path line get gateway path line els get gateway path line get gateway path line els regist gateway gateway defin gateway none gatewaytrim debug varh gateway name fail gateway fail msg default gateway defin gateway none gatewaytrim
